,mrgs,ceos,prof
women,0.809322034,0.540254237,1.216101695
black,0.592592593,0.259259259,0.851851852
asian,0.916666667,0.666666667,1.458333333
hispanic,0.531468531,0.335664336,0.496503497
